weapon description,weapon designation,유의어,한국어 번역
(armed) light helicopter,AS-350/H-125,,경헬기 무장형 포함
(armed) maritime patrol aircraft,PBM-5 Mariner,,해상초계기 무장형 포함
(armed) reconnaissance drone,"Ababil-3, CH-92, CH-95, Seeker-400, WJ-600",,정찰 무인기 무장형 포함
(armed) trainer aircraft,"Alcyon, Anson, CM-170 Magister, CT-4 Airtrainer, EMB-312 Tucano, EMB-312 Tucano -, FT-5 AC, G-2A, G-91T, G-91T -, HA-200, IAR-823, Iskra, Jet Provost, L-29, L-39C Albatros, L-39C Albatros -, L-90TP Redigo, MFI-17 Supporter, MFI-9 Junior, MiG-15UTI, P-3, PC-7, PC-7 -, PC-9, PC-9 -, Provost, SF-260, SF-260TP, T-28B Trojan, T-2D Buckeye, T-33A Shooting Star, T-33A Shooting Star -, T-34C, T-35 Buckaroo, T-37B, T-6 Texan-2 -, TB-30 Epsilon, Yak-11",,훈련기 무장형 포함
(armed) transport helicopter,H-725 Caracal,,수송헬기 무장형 포함
air refuel system,Air refuel system,"aerial refueling system, aerial refuelling system",공중급유 장치
air-search radar,"1L-117, 1L119 Nebo-SVU, 59N6 Protivnik-GE, 5N69 Salute, 64N6, 67N6E Gamma, 76N6, 80K6M, AMBER-1800, AMES Type-14, AR-1 GR, AR-325 Commander, AR-3D, ASR-NG, ASR-S, ATCR-2, AWS-1, AWS-2, AWS-9, AWS-9-2, Argos-45, Artisan, CENK-400-N, Centaure, Condor GR, Cross Slot, DA-02, DA-05, DA-08, DR-151, DR-161, DR-172, DRBV-22, EL/M-2080 Green Pine, EL/M-2106NG, EL/M-2228, EL/M-2288 AD-STAR, ER-438, Er-217, FPS-115 Pave Paws, FPS-130, FPS-132 UEWR, FPS-20, FPS-3, FPS-7, FPS-8, FPS-88, GPS-100, GS-100, Giraffe-100, Giraffe-1X, Giraffe-40, Giraffe-4A, Giraffe-75, Giraffe-AMB, Green Ginger, Ground Master-200, Ground Master-400, Ground Master-60, HARD, HIPAR, HR-3000 HADR, HSS-1, IBIS-150, Indra, J/FPS-3, JLP-40, JY-11, JY-14, JY-27, JY-8A, JY-9, JYL-1, Jupiter RADAR, Kasta-2E, L-88 LASS, LPD-20, LW-01, LW-02, LW-04, LW-08, Lanza-ARSR, Lanza-LRR, Lanza-LTR, Lanza-MRR, M-2082, M-2083, M-2084, M-2258 ALPHA, M-2311 C-MMR, MFSR-2100/33, MLA-1B, MPQ-49 FAAR, MPQ-54 FAAR, MPQ-64 Sentinel, MR-302 Rubba, MR-352 Positiv, MR-750 Fregat, MRR-3D, MW-08, Martello, Master, NS-200, P-10, P-12, P-14, P-15 radar, P-20 Periskop, P-3 GR, P-30 Khrustal, P-35 Saturn, P-40, PAGE, PS-15, PSR-2, PSTAR-ER, RA-20S, RAC-3D, RAN-30X, RAN-40, RAT-31DL, RAT-31S, RPS-42, Reporter, Revathi, S-247, S-330, S-600, S-711, SGR-110, SHORAR-2D, SMART, SPS-12, SPS-39, SPS-40, SPS-48E LBR, SPS-49, SPS-52, SPS-6, SPY-1D, SPY-1F, SPY-6 AMDR, SPY-7, ST-68, Saturn, Sea Giraffe-150, Series-320, Slot Rest, Star-NG, TA-10, TH-5711 Smart Hunter, TPS-1, TPS-32, TPS-34, TPS-43, TPS-44, TPS-59, TPS-63, TPS-70, TPS-77, TPS-79 MMSR, TPY-4, TRAC-NG, TRML-3D, TRML-4D, TRS-2100 Tiger-S, TRS-2105 Tiger-G, TRS-2201 Palmier, TRS-2215, TRS-22XX, TWA, Trackstar, Triton GR, Type-120, Type-15 radar, Type-360 Seagull, Type-363, Type-408C, Type-4502, Type-514, Type-547, Type-80, Volex, Vostok-E, Watchman, X-TAR, Xenta-M, YLC-18, YLC-2, YLC-6, YLC-8B",air surveillance radar,대공 탐색 레이더
air-search system,"1L222 Avtobaza-M, DWL-002, IRST, Kolchuga, Ramona, Tamara, VERA-E, Vampyr",,대공 탐색 체계
air-search/fire-control radar,"FW-2, Flycatcher, Flycatcher-2, MPQ-53, Skyguard GR, Skyshield",,대공 탐색 및 사격통제 레이더
air-to-surface missile,"AASM Hammer, AGM-12B Bullpup, AGM-158A JASSM, AGM-158B JASSM-ER, AGM-179 JAGM, AGM-65 Maverick, AGM-84H SLAM-ER, APKWS, AR-1 MI, AS-20, AS-30, AS-30L, Brimstone, Brimstone-2, CIRIT, CM-400AKG, CM-502KG, FT-8, FZ-275, Kh-23 Grom, Kh-29, Kh-55, Kh-59, Kh-59M Ovod-M, Kh-59ME Ovod, PGM-500/2000, Popeye, RAACM ERAM, Raptor-2, Rusty Dagger ERAM, SOM, SPEAR, Storm Shadow, TL-2, Talon LGR, Taurus, YJ-9E",air-to-ground missile,공대지 미사일
air-to-surface/anti-ship missile,"AR-2 MI, AS-12, Ice Breaker, JSM, KSR-2, LOGIR",,공대지 및 대함 미사일
air-to-surface/surface-to-surface missile,Spike-NLOS,,공대지 및 지대지 미사일
air/sea-search radar,"AWS-4, AWS-5, AWS-6 Dolphin, Argos-73, Fregat-MA, Ground Master-200 MMC, LCR-2020, M-2208, M-2238 STAR, M-2238X STAR-X, MR-310, NS-100, PLUTO, Pozitiv, RAN-20S, RAN-7, RSR-210N, S-1810, S-810, SMART-L, SMART-L ELR, SPQ-2, SPQ-701, Sair-2D, Scanter-4100, Scanter-4603, Scanter-6000, Sea Master-400, Sea Tiger, TRS-3D, Variant",,대공 및 해상 탐색 레이더
air/sea-search/fire-control radar,TRS-4D,,대공 해상 탐색 및 사격통제 레이더
airborne early-warning aircraft,"A-50EHI --, AD-4W, B-737 AEW, E-2C, E-2C-2000, E-2D Advanced Hawkeye, E-3A Sentry, E-767, EMB-145AEW -, KJ-500, Saab-2000 AEW, Saab-340AEW, TBM-3W Avenger, ZDK-03","AEW aircraft, airborne early warning aircraft",공중조기경보기
airborne early-warning helicopter,Ka-31 AEW,AEW helicopter,공중조기경보 헬기
airborne early-warning radar,"APS-145, APY-9, EL/M-2075 Phalcon, EL/W-2085, Erieye, Erieye SRSS, Searchwater",AEW radar,공중조기경보 레이더
airborne early-warning/ground surveillance aircraft,OT-47B Tracker,,공중조기경보 및 지상감시 항공기
aircraft carrier,"Asturias, Chakri Naruebet -, Clemenceau, Colossus, Doorman Carrier, Garibaldi, Gorshkov, Hermes, Independence, Kuznetsov -, Mod. Majestic",,항공모함
aircraft electro-optical system,"AAQ-14 LANTIRN, AAQ-20 Pathfinder, AAQ-33 Sniper ATP, ASELPOD, ASQ-228 ATFLIR, ATLIS, AVQ-26 Pave Tack, CLDP, Damocles, Legion, Litening, Pave Spike, Skyward, TALIOS, Tiger Eyes, WMD-7",,항공기용 전자광학 체계
aircraft electro-optical/radar system,Litening-5,,항공기용 전자광학 및 레이더 체계
aircraft engine,"aircraft engine 1001-2000, aircraft engine 2001-3000, aircraft engine 3001-4500, aircraft engine 4501-6000, aircraft engine 500-1000, aircraft engine 6001-8000",,항공기 엔진
aircraft reconnaissance system,"Condor-2 ISTAR, DB-110, RecceLite",,항공기용 정찰 체계
amphibious assault ship,"Albion, Anchorage, Andromeda, Arcturus, Ashland, Ashland FRAM-2, Austin, BDSL -, BPE -, Endurance -, Enforcer, Enforcer -, Foudre, Haskell, LPD-122m -, LPD-163m -, MRV -, Mistral SH -, Ocean, Paul Revere, Thomaston, Type-071 -, Vard-7 LPD",,강습상륙함
amphibious assault ship/frigate,BDSL+ -,,강습상륙함 및 호위함
anti-aircraft gun,"Arrow 30mm, C-RAM, GDF 35mm, KS-19 100mm, KS-30 130mm, M-167, M-51 75mm, M-53 30mm, Skyranger-30 TUR, Twin-40 40mm, Type-74 37mm",antiaircraft gun,대공포
anti-aircraft gun system,Skyshield-35,,대공포 체계
anti-aircraft gun turret,"M-3 VDA-RA-20S, Marksman, ZSU-57 TUR",,대공포 포탑
anti-aircraft gun/surface-to-air missile system,"KOBRA, Sky Shield ADS, Skyguard SAMS, TD-2000",,대공포 및 지대공 미사일 복합체계
anti-ballistic missile missile,"Arrow-3, HQ-19 MI, MIM-104 PAC-3, MIM-104 PAC-3 MSE, MIM-401 Talon, SM-3 Block-1, SM-3 Block-2, SM-6 Block-1, Stunner","anti-ballistic missile, ballistic missile interceptor",탄도탄 요격 미사일
anti-ballistic missile system,"Arrow-3 SAMS, Davids Sling TEL, HQ-19 ABMS, THAAD","ballistic missile defence system, ballistic missile defense system",탄도탄 방어 체계
anti-radar missile,"AGM-45A Shrike, AGM-78 Standard, AGM-88B HARM, AGM-88E AARGM, AGM-88F HCSM, AGM-88G AARGM-ER, ALARM, ARMAT, Kh-28, Kh-58A, Kh-58U, LD-10, MAR-1",anti-radiation missile,대레이더 미사일
anti-radar/air-to-surface missile,Kh-25M,,대레이더 및 공대지 미사일
anti-ship helicopter,"AS-532 AS, EC-725 AS -",,대함 헬기
anti-ship missile,"AGM-158C LRASM, AM-39 Exocet, AS-15TT, Atmaca, Blue Spear, C-602, C-701, C-704, C-705, C-801, C-802, C-STAR, CM-302, CM-401, CM-90 Nasr, FL-6, Gabriel-1, Gabriel-2, Gabriel-5 ANAM, HY-1, HY-2, Harpoon Block-1, KS-1 Sopka, KSR-5, Kh-31M, Kh-35, Kh-59MK, Kormoran-1, M-20/RB-08A, MANSUP, MM-38 Exocet, MM-40 Exocet, Marte-1, Marte-2, Marte-ER, NSM, Otomat-1, Otomat-2, P-15 MI, P-15M, P-15U, P-270 Moskit, P-35, Penguin-1, Penguin-2, Qaher-1, RBS-15, RGM-66D, SM-39 Exocet, SS-12M, Sea Eagle MI, Sea Skua, TL-10, Yakhont",antiship missile,대함 미사일
anti-ship torpedo,"53-65, E-14, E-15, SAET-60, SST Seal, Type-613, Yu-3, Yu-4",,대함 어뢰
anti-ship/air-to surface/surface-to-surface missile,Cakir,,대함 공대지 및 지대지 미사일
anti-ship/air-to-ground/surface-to-air missile,LMM Martlet,,대함 공대지 및 지대공 미사일
anti-ship/anti-radar missile,Kh-31A1,,대함 및 대레이더 미사일
anti-ship/anti-submarine torpedo,"Black Shark, DM-2A4 Seehecht, F-17, F-21, L-5, Mk-48, Mk-48 Mod-5 ADCAP, SUT, Seehecht-3, TEST-71, Tigerfish, Torped-45, Torpedo-47 SLWT",,대함 및 대잠 어뢰
anti-ship/land-attack missile,"3M-54E Club, BrahMos AIR, BrahMos LAND, BrahMos NAVAL, C-802A, Harpoon Block-2, MM-40-3 Exocet, RBS-15-3",,대함 및 지상공격 미사일
anti-ship/surface-to-surface missile,"Fateh-313, Quds, Raad-500",,대함 및 지대지 미사일
anti-submarine aircraft,"ATR-72MP -, Alize, Alize -, Atlantic, Atlantic -, Be-12, C-27J-MPA -, C-295ASW -, CN-235ASW -, F-27 Enforcer -, Fokker-50 Enforcer -, Gannet, IL-38, P-2E Neptune, P-2H Neptune, P-3A Orion, P-3B Orion, P-3C Aurora, P-3C Orion Update-2, P-3C Orion Update-2.5, P-3C-3, P-3CUP Orion, P-5M Marlin, P-8A Poseidon, S-2A Tracker, S-2E Tracker, S-2T Tracker, Shackleton, TBM-3S Avenger, Tu-142M","ASW aircraft, antisubmarine aircraft",대잠 항공기
anti-submarine helicopter,"AB-204AS, AB-204AS -, AB-212ASW, AB-212ASW -, AB-212ASW --, AS-532 ASW, AS-555SN -, AS-565S -, AS-565S Panther, AW-101-111 -, AW-159 Wildcat ASW -, Bell-412 Sentinel ASW, H-92 Superhawk ASW, Hughes-500ASW, Hughes-500MDASW, Ka-25BSh, Ka-27PL, Lynx, Lynx -, MH-60R Seahawk -, Mi-14PL, Mi-4PL, NH-90 NFH -, NH-90 NFH --, NH-90 NFH ---, NH-90 NFH ----, SA-321G Super Frelon, SH-2F, SH-2G Super Seasprite, SH-34 Seabat, SH-3A Sea King, SH-3D Sea King, SH-3H Sea King, SH-60B Seahawk, Sea King HAS-1 -, Sea King HAS-5, Sea King HAS-6 -, Sea King-1, Super Lynx ASW, Super Lynx ASW -, Super Lynx ASW --, Super Lynx ASW ---, Vertol-107 ASW, Veryol-107 ASW -, Wasp, Wessex HAS, Z-9C","ASW helicopter, antisubmarine helicopter",대잠 헬기
anti-submarine missile,Ikara,,대잠 미사일
anti-submarine mortar,"Limbo, Squid",,대잠 박격포
anti-submarine rocket launcher,"375mm Quad, 375mm SEXT, 375mm Twin, ASROC, Mk-108 Weapon Alpha, Mk-54 375mm, RBU-2500, RBU-6000",,대잠 로켓 발사기
anti-submarine sonar,"ACTAS, AQS-13, AQS-13F, ASO-712, ASO-84, ASO-90, ATAS, Blackfish, BlueMaster, BlueWatcher, CAPTAS-1, CAPTAS-2, CAPTAS-4, CTS-36/39, DE-1160, DE-1164, DE-1167, DE-1167LF, DSQS-21, DSQS-23, DSQS-24, DUAV-4, DUBV-23, DUBV-43, Diodion, Diodon, EDO-610, EDO-700, EDO-786, EDO-980, EDO-997, Eledone, FLASH, Fersah, Gudgeon, HELRAS, HMS-510, HMS-X, HS-7, Hunter sonar, Hydra, LFATS, MG-322, MGK-335MS Platina, PHS-32, PMS-26, PMS-32, SQS-11, SQS-23, SQS-29, SQS-35, SQS-39, SQS-40, SQS-504 Diver, SQS-505, SQS-510, SQS-53, SS-12 GR, SS-304, ST-2400, ST-570, Salmon, Spherion, TSM-2064, TSM-2633 Spherion-B, Tamir SONAR, Type-170 Attacker, Type-2150",ASW sonar,대잠 소나
anti-submarine torpedo,"A-244, APR-1, APR-2, Black Scorpion 127mm, Blue Shark, L-3, MU-90 IMPACT, Mk-37, Mk-43, Mk-44, Mk-46, Mk-46 Mod-5 NEARTIP, Mk-54 LWT, SET-40, SET-53, Shyena, Sting Ray, Type-43",ASW torpedo,대잠 어뢰
anti-submarine/ship torpedo,SET-65,,대잠 및 대함 어뢰
anti-tank missile,"9M119 Refleks, 9M120 Ataka, AGM-114 Hellfire, AGM-114L Hellfire, AT-1K Raybolt, Akeron-MP, Almas-1, BANTAM, Bastion ATM, Blue Arrow-7, Bulsae-4, COBRA MI, Dehlavieh, Dragon, ENTAC, Eryx, FGM-148 Javelin, Fagot, Fleyta, HOT, HOT-3, Harpon, Karaok, Khrizantema MI, Kokon, Kombat, Konkurs, Kornet, LAHAT, MAPATS, MILAN, Malkara-1, Malyutka, Mamba MI, Metis, Metis-M, R-2 Baryer, R-3 Korsar, RBS-56 Bill, RBS-56B Bill-2, Red Arrow-12, Red Arrow-73, Red Arrow-8, Red Arrow-9, SS-10, SS-11, SS-12, Shmel, Spike-ER, Spike-LR-2, Spike-MR, Spike-SR, Swingfire, TAM-LR, TAM-MR, TOW, TOW-2B, VIGILANT, Vikhr-AT, ZT-3 Ingwe","ATGM, anti-tank guided missile, antitank missile",대전차 미사일
anti-tank/air-to-surface missile,"AGM-114 Hellfire-2, Mokopa",,대전차 및 공대지 미사일
armed UGV,Type X -,"armed uncrewed ground vehicle, armed unmanned ground vehicle",무장 무인지상차량
armed drone,"Ababil-T, Akinci, Aksungur, Anka-S, Bayraktar TB-2, CH-3, CH-4B, CH-5, Karayel, MQ-9 UCAV, Mohajer-6, Protector-CPB, QH-50 DASH, WJ-700, Wing Loong-1, Wing Loong-2, Yabhon United-40","armed UAV, armed unmanned aerial vehicle",무장 무인기
armed reconnaissance drone,"Heron-TP -, Patroller",armed reconnaissance UAV,무장 정찰 무인기
armoured bridgelayer,"AMX-13-PDP, AMX-30H, BLG-60, BrPz-1 Biber, Centurion AVLB, Chieftain AVLB, K-2 BL, M-1074 JABS, M-48 AVLB, M-60 AVLB, MBT MK-3 VAB -, MT-55A, MT-55A -, MTU-12, MTU-20, Merkava AVLB -, PMC-90, PSB-2, Type-84 ABL","armored bridge layer, armored bridgelayer, armoured bridge layer",교량전차
armoured engineer vehicle,"CET, HMBV, IMR, K-2 AEV, Keiler, Kodiak AEV, Kunduz, Leclerc EPG -, M-1150 ABV, M-728, M-9 ACE, MID-M, NM-189, PiPz-1, PiPz-2 Dachs","armored engineer vehicle, armored engineering vehicle, armoured engineering vehicle",공병장갑차
armoured engineer/recovery vehicle,Wisent-2,armored engineer/recovery vehicle,공병 및 구난 장갑차
armoured personnel carrier,"33GT-34039B, 4K-4F, 4K-7FA, A-200 APV, AAV-7A1, AAV-7A1 -, AAV-7RAM/RS, ABI, ACMAT APC, ACV, ACV-S, AIFV-APC, AMV, AMV-XP -, AMX-10 APC, AMX-VCI, APC-79 Fighter, ARIVE, ASCOD-APC -, AT-104, AV-VBL, Ajban, Ajban Mk-2, Al Kaser, Al-Jawad, Al-Maha, Al-Mared APC -, Al-Wahsh, Amazon APC, Amir, Ara-2, Aravis, Arisgator, Arma 6x6 -, BATT, BDX, BLR, BMP-2 chassis, BMR-600, BOV M-11, BOV M-16 Milosh, BOV M-86, BPM-97, BTR-152, BTR-3 APC, BTR-40, BTR-4K, BTR-50, BTR-60P, BTR-60PB, BTR-70, BTR-80, BV-206S, BVS-10, Barracuda AV, Bastion APC, BearCat AV, Black Scorpion, Boragh APC, Boxer APC, Bronco, Buffalo, Buffel APC, Bushcat, Bushmaster, Bv-308, CS/VP-14, CS/VP-3, CSK-131, CSK-141, CSK-181, CV-90 APC, CV-90 Mk-4 APC, Caiman, Casspir, Casspir-6, Casspir-NG, Chaimite, Cobra APC, Cobra APV, Cobra-2, CombatGuard, Commando Ranger, Commando V-150, Commando V-150-20, Commando-100, Commando-200, Condor, Cougar APV, Cougar MRAP, DURO-3, DZIK, David, Despot, Didgori, Dingo-2, Dozor-B, Dragoon, EBR-TT, EE-11 Urutu, Eagle, Eagle-5 4x4, Eagle-5 6x6, Ejder, Ejder -, Ejder Yalcin, FDCV, FV-432, Fahd, First Win, Fox LCA, Freccia APC, Fuchs-2, GAZ-3937, GT-MU, GTP, Gila, Gladiator-AHV, Golan -, Grenadier, Griffon VBMR, Guardian APC, Gurkha, HMMWV-UA, HWK-11, Hafeet-2 -, Higuard, Hizir, Hornet APC, Hunter TR-12, Huron, Hussar, Igirigi, Interceptor APC, Jaws, K-11, K-200 KIFV, K-808 White Tiger, KLTV, Kaiman, Kangaroo, Kirpi, Kozak-5, L-ATV, LAPV, LAV-3, LAV-3 -, LAV-6 APC -, LAV-700 APC -, LM-13, LMV, LMV-2, LVT-4, LVTP-5, LVTP-7, Leopard APV, Lynx KF-41 APC, M-108 VBCL, M-1117 Guardian, M-113, M-113A3, M-113A300, M-3 Half-track, M-3 VTT, M-39 AUV, M-3A1 Scout Car, M-59, M-60P, M-75, M-ATV, M/42 SKPF, MCAV-20, MLS Shield, MMV, MPV-1 Aditya, MPV-I, MPV-VTTM, MR-8, MT-LB, MTV, MTVL, MXT-MV, Maatla, Mamba AV, Mamba Mk-7, Mamba-7 -, Marauder, Matador, Maverick, MaxxPro, Mbombe-4 -, Mbombe-6 APC, Mbombe-6 APC -, Mohafiz, Musketeer AV, N-35, N-35 -, NIMER, NMS, Namer APC, Nemesis, Nimr-2, Nyati, Nyoka, OT-62A TOPAS, OT-64, OT-64A, OT-90, P-2 AV, PBV-302, PKSV, PMMC-G5, PSZH-D-944, Pandur, Pandur-2, Pandur-2 -, Pansarbil Unimog, Panthera T-4, Panthera T-6, Pars-APC -, Patria 6x6 -, Patriot-2 AV, Phantom-2, Pig, Pinzgauer, Piranha-1, Piranha-1 4x4, Piranha-2, Piranha-3, Piranha-3-10 -, Piranha-5 -, Pitbull VX, Promoter, Puma 4x4, Puma 6x6, Puma APC, Puma M-26, Puma M-36, Python-LAMV, Qutaish-2, RBY-1, RG-31 Nyala, RG-32 Scout, RG-33, RN-94, Rakhsh, Rangir, Ratel, Reva-5, Rhino, Roland AV, S-600 APC, SIBMAS, SandCat, Saracen, Saxon, Scout-SV APC -, Senator, Serval VBMR, Sherpa, Shibl, Shorland, Shrek, Simba, Spartak, Spartan CAN, Spartan UK, Springbuck-SD, Storm, Stormer, Sufa, Survivor-2 -, TAB-71, TABC-79, TAPV, TITUS -, TM-170, Tactica, Taifun-K-53949, Talha, Tares, Tatrapan -, Temsah-2 -, Terrier LAU, Terrier LT-79, Thunder, Tiger AV, Tigon 6x6, Tigr AV, Titan, Tornado-6 -, Tpz-1 Fuchs, Transac GS, Tygra, Type-07 APC, Type-6614, Type-85 APC, Type-86 APC, Type-89 APC, Typhoon APC, UR-416, V-300, VAB Mk-3, VAB-VTT, VAL Cashuat, VAMTAC-BN, VBTP Guarani, VCR-TT, VLRA TPK-BL, VM-90P, VN-22 APC, VN-3, VN-4, VP-11, VTT-323, VXB-170, Valkyr, Vuran, WZ-502G APC, WZ-523, WZ-551, Walid, Waran, Warrior APC, WhAP IPMV -, Wolf APC, XA-180, XA-200, YP-408, YW-531, ZFB-05, ZPT","APC, armored personnel carrier",병력수송장갑차
armoured personnel carrier/armoured supply vehicle,Universal Carrier,armored personnel carrier/armored supply vehicle,병력수송 및 보급 장갑차
armoured reconnaissance vehicle,"BA-64, BRDM-1, BRDM-2, Commando Scout, EE-3, FN-4RM/62F, FUG, Fennek, Ferret, Fox, Humber Mk-4, Jaguar EBRC, Lynx M-39, M-113CR, M-113CV, M-114, M-20, M-8 Greyhound, MAC-1, Marmon-Herrington AC, PVP, Piranha-4 6x6 -, RAM, SP-1A, Spy, T-17E1 Staghound, Type-6616, VBL",armored reconnaissance vehicle,정찰장갑차
armoured reconnaissance/fire-support vehicle,"AEC-3, AML, AML-90 Lynx, AMX-10RC, EBR-75, ERC-90, Saladin, VBC-90",armored reconnaissance/fire-support vehicle,정찰 및 화력지원 장갑차
armoured recovery vehicle,"AMX-13-ARV, AMX-30D, BPz-2, BREM-1, BREM-2, BREM-80U, BREM-84, BREM-L, BTS, BTT-1, Buffel ARV, Centurion ARV, Challenger ARV, Chieftain ARV, FBRV, Greif, K-2 ARV, Leclerc DNG -, M-32, M-578, M-74, M-84ABI, M-88 AV, M-88A2, MBT MK-3 ARV -, OF-40 ARV, SPK-5, Type-654 -, Type-84 ARV, VT-4 ARV, VT-55A, VT-72B -, WZT-2 -, WZT-3M, WZT-4","armored recovery and repair vehicle, armored recovery vehicle, armoured recovery and repair vehicle",구난장갑차
armoured supply vehicle,"K-10, K-10 -, M-992 FAASV, PCZ-45, TZM-T","armored ammunition resupply vehicle, armored supply vehicle, armoured ammunition resupply vehicle",보급장갑차
artillery locating radar,"ARTHUR, COBRA GR, Cymbeline, Green Archer, RA-3, SLC-2, Swathi, TPQ-36, TPQ-37 Firefinder, TPQ-53, Type-704, Zoopark-1M","counter-battery radar, counterbattery radar, weapon locating radar",포병 위치탐지 레이더
bomber aircraft,"B-17A, B-17G, B-25, B-26 Invader, B-29, Buccaneer, Canberra B-2, Canberra B-57, Canberra BI-8, F-111C, FB-111, H-6, Il-28, Lincoln, Mosquito FB-6, PB-4Y, PV-2 Harpoon, SB-2C Helldiver, Su-24, TBF Avenger, Tu-16, Tu-160S, Tu-22, Tu-2S, Tu-4, Tu-95MS, Vatour-2B",bomber,폭격기
cargo craft,Chamois,,화물수송정
cargo ship,"4-Runner, Abheetha, Agafonov, Al Sultana, Alican Deval, Amalthee, Angeln, Ardal, Asterix, Balsam, C1-M, Catherine, Dadali, Delvar, Estelle Maersk, FS-135, Hurst Point, Kemio, Laura Maersk, Marsea, Mercandia, Norlindo, Sea Crusader, Sealandia, Sekstan, Smit Manila, Vaslayayev",,화물수송선
coastal defence gun,"BL 9.2inch Mk-10, ERSTA 120mm",coastal defense gun,해안방어포
coastal defence system,"Bastion, Blue Spear CDS, C-602 CDS, C-801/C-802 CDS, Excalibur CDS, Exocet CDS, HCDS, HY-1 CDS, HY-2 CDS, Ice Breaker CDS, Marte CDS, NGMMCB, NSM CDS, NSM CDS -, Otomat CDS, RBS-15 CDS, Redut, Rubezh, S-2 Sopka, Spike NMT, YJ-12B CDS",coastal defense system,해안방어 체계
combat aircraft radar,"AAQ-13 LANTIRN, APG-40, APG-63, APG-65, APG-66, APG-67, APG-68, APG-73, APG-76, APG-79, APG-82, APG-83 SABR, APQ-43, APQ-65, APQ-94, APS-21, APS-57, AWG-10, Agave, Cyrano, Cyrano-4, Grifo, KLJ-7A, Kopyo, M-2001, M-2032, M-2052, N-001, PhantomStrike, Raven-ES, Scipio, TARAN-18, Topaz, Tornado IDS GR, Zhuk",,전투용 항공기 레이더
combat helicopter,"AH-1F Cobra, AH-1F Modernized, AH-1G Cobra, AH-1J SeaCobra -, AH-1S Cobra, AH-1W, AH-1Z Viper, AH-64A Apache, AH-64D Apache, AH-64D Apache Longbow, AH-64D Longbow -, AH-64E Apache, AH-6S, AS-550C2, Bell-406CS, EC-665, Hughes-500MDTOW, Ka-52 Alligator, MD-530G, Mi-24A, Mi-24D, Mi-24P, Mi-24V, Mi-28N, Mi-35M, OH-58D, T-129B ATAK -, Z-10, Z-9WZ",attack helicopter,전투헬기
combat helicopter radar,APG-78 Longbow,,전투헬기 레이더
corvette,"A-69, Albatros, Ambassador-4 -, Anawrahta -, Annamite, Assad -, Azmat -, BR-71-2 -, Badr -, Baynunah -, Castle, Coutinho, Donghae, Erinomi -, Esmeraldas -, FOPV-850 -, Falaj-2 -, Falaj-3 -, Fatahillah -, Fincantieri-700 -, Flower, Isles, KCR-70M -, Khamronsin -, Khukri, LPC-1 -, MGB-62 -, OPV-80 COR -, PCE, PF-103, PF-103 -, Parchim, Parchim -, Po Hang, Project-1124 Albatros, Project-1159, Project-1234, Project-159, Project-204, Rattanakosin -, Roofdier, Saar-5 -, Thetis, Wadi -",,초계함
corvette/minesweeper,Bathurst,,초계함 및 소해함
cruiser,"Aosta, Bellona, Brooklyn, Colony, De Ruyter, Sverdlov, Tre Kronor",,순양함
destroyer,"20 de Julio -, Acre -, Adams, Almirante, Battle, Benson, County, Daring, EWP, Fletcher, Friesland, Gearing FRAM-1, Gearing FRAM-2, Gordy, Hobart -, Holland, Kidd, Milne, Napier, Nueva Esparta, O Class, Ognevoi, Project-56A, Project-61ME, Project-61MP, Regele, Sheffield, Skoryy, Soldati, Sovremenny, Sumner, Sumner FRAM-2",,구축함
electro-optical fire-control system,C-FIRE,,전자광학 사격통제 체계
electro-optical system,"ARTEMIS GR, CoMPASS, EOMS, Gatekeeper, MIRADOR, SIRIUS GR",,전자광학 체계
electronic warfare aircraft,G-550 Compass Call-2,EW aircraft,전자전 항공기
fighter aircraft,"Attacker, C-205V Veltro, CF-100 Canuck -, F-100A Super Sabre, F-101 Voodoo, F-102 Delta Dagger, F-104A Starfighter, F-104J Starfighter, F-14A Tomcat, F-4K Phantom-2 -, F-6F Hellcat, F-7 Skybolt, F-7M Airguard, F-7MG, F-7MG -, F-8 Crusader, F-80 Shooting Star, F-86 Sabre, F-86 Sabre -, F-86D Sabre, F-8F Bearcat, F-9F Cougar, F-9F Panther, F2H-3 Banshee, G-55A -, Gnat, Hunter-F, J-29F, J-35 Draken, J-35 Draken -, J-6, J-7, La-11, La-9, Lightning, Meteor AC, Meteor NF-11, MiG-15, MiG-17, MiG-17PF, MiG-19, MiG-19PM, MiG-21F-13, MiG-21MF, MiG-21PF, MiG-21PFM, MiG-21bis, MiG-23M, MiG-23ML, MiG-23MS, MiG-25P, MiG-25PD, MiG-29, MiG-9, Mirage-3C, Mosquito NF-30, Mystere-4A -, P-38M Lightning, P-51 Mustang, Sea Fury, Sea Harrier FRS-1, Sea Hawk, Spitfire, Tornado ADV, Vampire F-3, Vampire FB-5, Vampire NF-10, Vatour-2N, Venom, Venom NF-2, Yak-17, Yak-23, Yak-9",fighter jet,전투기
fighter/ground-attack aircraft,"A-4AR Skyhawk, A-4B Skyhawk, A-4C Skyhawk, A-4E Skyhawk, A-4M Skyhawk-2, A-4NZ Skyhawk-2, A-4S Super Skyhawk, A-5, A-5C, A-7A Corsair-2, A-7E Corsair, A-7E Corsair -, AV-8B Harrier-2, AV-8B Harrier-2 -, AV-8B Harrier-2 Plus -, Cheetah-C, Eurofighter Typhoon Tranche-1 Block-5, Eurofighter Typhoon Tranche-2, Eurofighter Typhoon Tranche-3, Eurofighter Typhoon Tranche-4, F-100D Super Sabre, F-104G Starfighter, F-104S Starfighter, F-15 Advanced Eagle, F-15 Advanced Eagle -, F-15A Eagle, F-15C Eagle, F-15E Strike Eagle, F-16A, F-16ADF, F-16C, F-16C Block-50, F-16E, F-16I, F-16V Viper, F-35A Lightning-2, F-35B Lightning-2, F-4C Phantom-2, F-4D Phantom-2, F-4E Phantom-2, F-4F Phantom-2, F-4J Phantom-2, F-4U Corsair, F-5A Freedom Fighter, F-5E Tiger-2, F-84 Thunderjet, F-84F Thunderstreak, F-84F Thunderstreak -, F/A-18A Hornet, F/A-18C Hornet, F/A-18E Super Hornet, FA-50 -, FA-50 Block-20 -, Firefly FGA, G-91R, G-91R -, Gripen-E -, Harrier GR-1, Hawk-200 -, Hunter-FGA, J-10C, J-35, JAS-39C Gripen, JAS-39C Gripen -, JF-17 Thunder -, JF-17 Thunder Block-3 -, JF-17 Thunder Block-3 --, Jaguar-S, KF-21 Boramae -, Kfir C-1, Kfir C-2, Kfir C-2 -, Kfir C-7, Kfir C-7 -, L-159A ALCA, M-346FA -, MD-450 Ouragan, MD-450 Ouragan -, MF-2000, MiG-23BN, MiG-27, MiG-29M, MiG-29S, MiG-29SMT, Mirage F-1A, Mirage F-1C, Mirage F-1E, Mirage F-1M, Mirage-2000, Mirage-2000-5, Mirage-2000-5-2, Mirage-3E, Mirage-3E -, Mirage-5, Mirage-50, Mirage-5RAD, NF-5A Freedom Fighter, Nesher, P-47D Thunderbolt, Rafale, Rafale F-4, Saab-35XD Draken, Saab-35XD Draken -, Su-20, Su-22, Su-27S, Su-30K, Su-30MK, Su-35S, Su-57, Su-7B, Super Etendard, Super Mystere B-2, Super Mystere Saar, Tornado IDS -, Vatour-2A","fighter bomber, fighter-bomber",전투 및 지상공격 항공기
fighter/ground-attack/electronic warfare aircraft,EA-18G Growler,,전투 지상공격 및 전자전 항공기
fire-control radar,"5N62V, 9KA-400, 9LV, Akrep GR, BOFI-AWGS, Blindfire, Burun, CEROS-200, Castor-2, DRBV-51C, EFR-1, Fieldguard, Fieldguard-3, LIROD, LL-1, M-2221, M-44, M-45, MK-12, MK-63, MPQ-57 HIPIR, MR-103 Bars, MR-104 Rys, MR-114 Yakhont, MR-123 Vynpel, MR-90 Orekh, Mk-12/22, Mk-25, Mk-95, Orion RTN-10X, Orion RTN-20X, Orion RTN-25X, Orion RTN-30X, Pollux, R-76, Radar AA-3 Mk-7, SON-30, SON-4, SON-9, SPG-34, SPG-35, SPG-55, SPG-62, SPQ-9, ST-1802, STING, STIR, Sea Hunter, Superfledermaus, TMX, Type-311, Type-344, Type-347G, Type-501B, Type-825 GR, VPS-2, W-160, WM-20, Yakor",,사격통제 레이더
fire-support vehicle,"Assaulter, BMPT Terminator, Centauro, Centauro-2, Commando V-150-90, Dragoon-90, EE-9 Cascavel, EE-9 Cascavel  -, LAV-3 LPTAG -, LAV-700 FSV -, Pandur-2 FSV -, Piranha-1 FSV -, Piranha-2 FSV -, Piranha-3 FSV -, Sabrah Pandur -, VN-22B, ZTL-09",,화력지원차량
frigate,"Abu Dhabi -, Amazon, Aung Zeya -, Avante-2200 SAU -, BEL-NET frigate -, Baleares, Bay FF, Berk -, Black Swan, Blackwood, Bronstein, Brooke, Brunei -, Buckley, C-28A -, C-92 -, Cannon, Claud Jones, Clemente -, Clemente --, Commandant Riviere, DW-2000 -, DW-3000 -, Da Silva, Dat Assawari, Dealey, Descubierta -, Doorman, F-2000S -, F-22 SH -, F-3000S -, FDI -, FREMM, FREMM -, FREMM ITA -, FS-1500 -, Fincantieri-3000 -, Garcia, Gepard-3 -, Global Combat Ship -, Gowind-2500 -, Gowind-2500 MAL -, HDC-3200 -, HDF-3600 -, HHI-2600 -, Heemskerck, Hisar -, Hunt, Hunter -, Impr Mogami -, Istif -, Khaldoum -, Knox, Koeln, Kortenaer, Kortenaer -, La Fayette -, Leander, Leander -, Leander --, Lekiu -, Leopard FF, Loch, Lupo, Lupo -, MEKO A-100MB -, MEKO PC-IN -, MEKO-140 -, MEKO-200 -, MEKO-200ANZ -, MEKO-200T -, MEKO-200T2 -, MEKO-360 -, MEKO-A200 -, MEKO-A200 --, MMSC -, Mermaid, MilGem -, Nansen -, Naresuan -, Nigeria, Niteroi -, OPV-90 -, PPA-L-Plus -, Perry, Perry -, Project-50, Qahir -, Rahmat, Rajakumarn -, River, River FF, Rothesay, Rudderow, SIGMA-105 -, SIGMA-90 -, Saam -, Salisbury, Shamikh -, Tacoma, Talwar -, Talwar --, Talwar-4 ---, Tribal, Type-053H, Type-053H -, Type-053H2, Type-053H2G SRI, Type-053H3, Type-054A, Type-056, Type-056 -, Type-15 frigate, Type-22 Batch-1, Type-22 Batch-2, Type-23, Type-31 -, Van Speijk, Van Speijk -, Whitby, Wielingen",,호위함
frigate/landing ship,"Lawrence, Lawrence FRAM-2",,호위 및 상륙 겸용함
gas turbine,"DT-59 (20001-24000), LM-2500 (30001-35000), MT-30 (50000)",,가스터빈
ground surveillance aircraft,"Beech-1900 AGS, King Air HISAR, King Air ISR",,지상감시 항공기
ground surveillance radar,"DRPT-5 RASIT, Ericsson SLAR, M-20600, M-2070, M-2130, M-2140, MBSS-1300, MSTAR, RATAC, SQUIRE, Spexer-2000, Stentor",ground-surveillance radar,지상감시 레이더
ground-attack aircraft,"A-1 Skyraider, A-37B Dragonfly, AC-119G, AC-119K Stinger, AC-47D Spooky, AC-47T -, AT-6 Wolverine -, AT-802U, AT-802U -, AU-23A Peacemaker, AU-24A, Archangel -, B-250LA -, FD-25 Defender, IA-58A Pucara, IA-58A Pucara -, IL-10 Sturmovik, J-21 Jastreb, J-21 Jastreb -, MB-326K, MB-326K -, Mwari -, OV-10, Su-25",,지상공격기
ground-surveillance radar,"APS-94, APY-8 Lynx, ASRR, ASTOR, IRIS, M-2055, SLAR-2000, T-200",ground surveillance radar,지상감시 레이더
guided bomb,"Al Tariq, Al-Battar-500, BGL, CBU-97, FT-9, GBU-15, GBU-28, GBU-8, Griffin BOMB, JDAM, KAB-500, LT-2, Lizard, NG-LGB, OPHER, Paveway, SMKB, Sejeel, TOLUN, Teber",precision-guided bomb,유도폭탄
guided glide bomb,"AGM-154 JSOW, GBU-39 SDB, GBU-53 StormBreaker, JDAM-ER, K029E, K08BE, KGGB, KGK-83, LS-3, LS-6-500, SPICE, SmartGlider","guided gliding bomb, precision-guided glide bomb",유도 활공폭탄
guided rocket,"A-200 BLR, AccuLAR, CGR-080 239mm, CTM-MR, GMLRS, TRG-300, WS-3A 300mm",,유도로켓
guided rocket/air-to-surface missile,TRG-230,,유도로켓 및 공대지 미사일
guided shell,"BONUS-2, Copperhead, DART-76, Excalibur, Krasnopol, M-1156, SMART-155, Vulcano-GLR","guided artillery shell, precision-guided artillery shell",유도포탄
gunboat,"LSMR, LSSL",,포함
heavy transport aircraft,"B-747-400, Boeing-747-8, C-17, Il-76M",heavy-lift transport aircraft,대형 수송기
heavy transport helicopter,CH-53 Stallion,heavy-lift helicopter,대형 수송헬기
height-finding radar,"FPS-6, HF-200, JLG-43, PRV-11, PRV-13, PRV-9, S-244, S-404, SGR-104, SGR-109, TPS-10, Type-13, Type-269",height finder radar,고도탐지 레이더
helicopter,"AS-565, AS-565M, AW-139, AW-149, AW-169, Bell-204B, Bell-205A, Bell-205A-1, Bell-212, Bell-212 -, Bell-214, Bell-214ST, Bell-412, Dhruv, EC-155, Explorer, H-175, H-21, HH-43 Huskie, K-MAX, Ka-25K, Lynx AH-1, Mi-4, S-55, S-58, S-58T, S-62, S-76, SA-330 Puma, Super Lynx, UH-1H Huey-2, UH-1Y, W-3 Sokol, Wessex, Whirlwind-10, Z-9",,헬기
helicopter turret,Vector-20,,헬기용 포탑
icebreaker,Rogers,,쇄빙선
iinfantry fighting vehicle turret,R-600,"IFV turret, infantry fighting vehicle turret",보병전투차량 포탑
infantry fighting vehicle,"AIFV, AIFV -, AIFV --, AMV-IFV -, AMV-XP IFV -, AMX-10-90, AMX-10P, ARMA IFV -, ASCOD --, Aravis IFV -, BMD-1, BMP-1, BMP-1U, BMP-2, BMP-3, BMR-600/90, BTR-3 IFV, BTR-3 IFV -, BTR-4, BTR-80A, BTR-82A, BTR-94, Black Fox-90 -, Boragh IFV, Boxer IFV, Boxer IFV -, CV-90, CV-90 Mk-4 IFV, CV-9030, CV-9035, Desert Chameleon -, EE-11 AFSV -, HS-30 -, K-21, LAV-3 IFV, LAV-3 IFV -, LAV-700 IFV -, Lazar-3 IFV --, Lynx KF-41 IFV, Lynx KF-41 IFV -, M-2 Bradley, M-2A3 Bradley, M-80, MT-LBMSh, Marder-1A3, Pandur IFV -, Pandur-2 IFV -, Pandur-2 IFV --, Pars IFV-30 --, Pars-IFV -, Piranha-2 IFV, Piranha-2 IFV -, Piranha-3 IFV -, Piranha-3 IFV --, Piranha-5 IFV -, Rabdan IFV -, Ratel-20, Ratel-23, Ratel-90, SIBMAS-90 -, Simba IFV, Stormer ICV, Type-07P IFV, Type-85 ICV, Type-85 IFV-73, Type-89 IFV, Type-90-73, V-300-90, V-300-90 -, VAB Mk-3 IFV, VAB-VCI, VCR-20mm, VCTP, WZ-523 IFV, WZ-551-25, Warrior -, ZBD-05","IFV, infantry combat vehicle",보병전투차량
infantry fighting vehicle turret,"32V01, BAU-23, BMP-2 turret, BPPU-30, Berezhok, CV-90 D-series, Cobra 30mm, DAF-25, Dragar, GAD-AOA, GBD-ADA, Grom turret, Guardian-30, HITFIST, Hagglunds 20mm, LAV-25 turret, LCT-30, Lance MTS, MCT IFV, OWS-25, Protector-MC, R-400S IFV, RCT-30, RMTS, SP-30, Saber, Samson RCWS-30, Sharpshooter, UT-25, VN-20 turret",IFV turret,보병전투차량 포탑
land-attack missile,Nimrod ASM,,지상공격 미사일
landing craft,"Abamin, Al Feyi, Al Tahaddy, Alfange, Ayer, BAL-C, Balikpapan, C-122, CDIC, CTM, DTM-211, Deba, EDAR, EDIC, Ishat, Kimbla, L-22, L-42, LC-32m, LC-33m, LCAC, LCI, LCT-4, LCT-5, LCT-50m, LCT-6, LCU MK-9, LCU-1466, LCU-1610, LCU-390, Loadmaster, M-55 LCU, Manga, Murena, Nampo, Orompello, Project-106, Project-106K, Punta Caxinas, Saba Al Bahr, Sinde, Teluk Wadjo, Teraban, Type-520, Vard-7-507, Zubr, Zubr -",,상륙정
landing craft/patrol boat,BH-7,,상륙 및 경비 겸용정
landing ship,"ADSB-64, Al Zahraa, Alligator, BATRAL, BATRAM, Besson, Cinq Juin, Frosch-1, Fuwairit, Galana, HDL-1500, Hengam, Hormuz-21, Hormuz-24, Iran Ajr, Kuroda, LCT-200-70, LCT-8, LCT-80m, LSL -, LSM, LSM 66m, LST-1, LST-100, Magar, Mahmal, Munassir, Newport, PS-700 -, Pompoli, Project-771, Project-775, RoRo-1300, Round Table, SL-5612, Salamandra -, Sichang, Soto County, Terrebonne, Type-074, Wuchang-1750",,상륙함
light aircraft,"AM-3C, Aero-45, Auster AOP, Autocrat, BD-4, Baron, Bonanza, CH-2000, Cessna-170, Cessna-177, Cessna-180 Skywagon, Cessna-210, Cessna-337, Cessna-U206, Commander-100, Commander-114B, Comp Air-7SL, Courier, Cub, DA-20, DA-40, DA-42, DA-62, Do-25, Duke, F-24, Foxtrot-4, GY-80, IL-103, L-5 Sentinel, LA-4, LE-500, Lancair-ES, Legacy, M-1 Sokol, MH-1521 Broussard, MX-7, Mirage, Mooney-M-20, Musketeer AC, O-1, P-149D, P-2002 Sierra, P-2006T, P-2012, PA-12 Super Cruiser, PA-20 Pacer, PA-23 Aztec, PA-28 Cherokee, PA-32, PZL-104, Paris, Pioneer, R-40S, Rallye, Rallye Club, Rallye-235, S-208, S-2A Special, S-2RT, SB7L-360 Seeker, SR-20, SR-22, Seminole, Storch, Super Cub, TB-20 Trinidad, Tampico, Tango-2, Travel Air, Twin Bonanza, Xenon, Yak-12, Z-143, Z-43",,경항공기
light aircraft/reconnaissance drone,"Centaur UAV, Eagle-ARV",,경항공기 및 정찰 무인기
light helicopter,"A-109, A-109K, ANSAT, AS-355 Fennec, AW-119 Koala, BK-117, Bell-206, Bell-206L LongRanger, Bell-222, Bell-407, Bell-429 GlobalRanger, Bell-430, Bell-47, Bell-505 Jet Ranger X, Bo-105, Cabri, Djinn, EC-120 Colibri, EC-130, EC-135, EC-145, Enstrom-480, Exec-162F, F-28 HELI, FH-1100, H-5, HUP Retriever, Hughes-500D, KH-4, Ka-26, Kania, MD-500E, MD-520, Mi-1, Mi-2, Mi-34, Model-300, OH-23, OH-6, R-22, R-44, S-52, SA-313 Alouette-2, SA-315, SA-316 Alouette-3, SA-341 Gazelle, SA-342 Gazelle, Schweizer-330, Scout-1, Skeeter-7, Sycamore, Widgeon",,경헬기
light tank,"AH-IV-Hb, AMX-13-105, AMX-13-75, AMX-13-90, M-24 Chaffee, M-3 Stuart, M-41 Walker Bulldog, M-41B, M-5 Stuart, PT-76, SK-105 Kurassier -, Scimitar, Scorpion, Scorpion-90, Stingray, Strv-M-41, Type-60 LT, Type-62, Type-63 LT, Type-63A LT, ZTD-05",,경전차
light transport aircraft,"AL-60, AP-68TP Viator, An-14, An-2, An-28, Astra-SPX, B-206, BAE-125-800, BN-2 Islander, Beech-18, Beech-1900, Beech-99, Beechjet-400, Cessna-207, Cessna-208 Caravan, Cessna-310, Cessna-411, Challenger-600, Challenger-604, Challenger-650, Citation-1, Citation-2, Citation-3, Citation-5, CitationJet, Commander, Consul, DH-114 Heron, DH-89 Dragon Rapide, DHC-2, DHC-3 Otter, Do-128, Do-228, Do-27, Do-28B, Do-28D, Dove, EMB-110, EMB-121, F-406 Caravan, Falcon-20, Flamant, GA-8 Airvan, Goose, Gulfstream-3, Gulfstream-4, Gulfstream-5, HS-125-600, IAI-1124 Westwind, Jetstream, King Air, Kodiak-100, L-410 Turbolet, Learjet-25, Learjet-29, Learjet-31, Learjet-35, Learjet-45, Learjet-60, M-28 Skytruck, MU-2, Merlin-3, Nomad, Norseman, P-166, P-180 Avanti, P-68, P-750, PA-23 Apache, PA-31, PA-31T, PA-34 Seneca, PC-12, PC-24, PC-6 Porter, PC-6B Porter, Pembroke, Phenom-100, Prince, Queen Air, Sabreliner-40, Sabreliner-60, Sealand, Skyvan, Trislander, Turbo Commander, Twin Pioneer, Y-12",,경수송기
light transport airship,Aeros-40 Sky Dragon,,경수송 비행선
light/trainer aircraft,"Cessna-150, Cessna-172, Tucano-R, UTVA-75",,경항공기 및 훈련기
loitering munition,"Altius-600, HX-2, Harop, Harpy, Hero-120, Hero-30, Mini Harpy, Orbiter-1K, ROTEM, SkyStriker, Switchblade-600, Virtus, X-Wing, Yiha-3",loitering munitions,체공형 탄약
long-range air-to-air missile,"AIM-120A AMRAAM, AIM-120C AMRAAM, AIM-120D AMRAAM, AIM-54A Phoenix, AIM-7E, AIM-7F Sparrow, AIM-7M, AIM-7P Sparrow, AIM-9X Sidewinder, ASRAAM, Aspide, Derby, I-Derby, I-Derby-ER, IRIS-T, MICA, Meteor MI, PL-11, PL-12, PL-15E, Python-5, R-24, R-27R/T, R-40, R-77, Skyflash, Super-530D, Super-530F",long-range AAM,장거리 공대공 미사일
maritime patrol aircraft,"ATR-42MP -, ATR-72MPA -, B-737 MP, BN-2 Maritime, Be-6, C-212MP, C-212MP -, C-295MPA -, CL-415MP, CN-235MP -, Challenger-SM -, DHC-6MP, DHC-6MP -, DO-128MPA -, Do-228MP, Do-228MP -, EMB-111, EMB-111 -, EMB-145MP -, F-27 Maritime -, Falcon-20G -, Fokker-50MP, Gulfstream-3SMA -, HU-16B Albatross, IAI-1124N Seascan, King Air MP, King Air MP -, M-28B, Metro-3MP, Nomad Searchmaster-L -, Nomad-B -, Nomad-L, P-3F Orion, PA-31T MSC, PBY-5A Catalina, Sunderland, UP-3A",MPA,해상초계기
maritime patrol aircraft radar,"APS-115, APS-128, APS-134, APS-143, APS-153, APS-20, APS-504, APS-705, APS-80, ENR, Gabbiano, I-Master, IGUANE, M-2022, Marec, ORB-32, Ocean Master, RDR-1400C, RDR-1500, RDR-1700, Sea Dragon GR, Sea Searcher, SeaVue, Seaspray, Seaspray-7000, Super Marec, Terma-9000",,해상초계기 레이더
maritime patrol drone,Heron-MP,maritime patrol UAV,해상초계 무인기
midget submarine,"M-23 C, MG-110",mini-submarine,잠수정
minehunter,"Circe, Frankenthal, Landsort, MCM-2730, MCMV-2010, MHV-60, Osprey MCM, Project-12650 Yakhont, Sandown",minehunting vessel,기뢰탐색함
minehunter/minesweeper,"Gaeta, Hunt MCM, Lerici, M-48 MCM, MCMV-50M, Project-10750, Project-257, Swiftships MCM, Swiftships RSV, Tripartite",,기뢰탐색 및 소해함
minelayer,"Alvsborg, Falster, MMC-6, Murgescu, Vidar",,기뢰부설함
minesweeper,"Adjutant, Admirable, Aggressive, Algerine, Auk, Bangor, Cove, Djember, Frauenlob, Gaspe, Ham, Kondor, Lindau, M-1935, M-1940, Mercure, Project-254, Project-266 Rubin, Project-266M, R-Boot, River MCM, Schuetze, Sirius, T-301, TON, Tral, Wusung, YMS",minesweeping vessel,소해함
missile boat,"Al Siddiq -, Aliya, BPS-500 -, China Cat, Combattante-2, Combattante-2 -, Combattante-2G -, Combattante-3 -, Constitucion -, Dearsan-33 FAC -, Dvora, FAC-50 -, FPB-2200, FPB-57 -, FPB-57 --, Flagstaff-2, Ghannatha -, Handalan -, Helsinki, Huangfen, Hudong, Hugin -, Jurrat -, Kara, Kilic -, MRTP-33 FAC -, OPV-58 -, OPV-62 FAC -, Omar Bongo, Orkan -, P-37BRL -, P-48S, PG-01 -, PR-72P -, PSMM-5 -, PV-43-M -, Peykaap, Project-1241, Project-1241 -, Project-183R, Project-205, Project-206MR Vikhr, Province -, Ramadan -, Ratcharit -, Reshef, Reshef -, Saar, Saar -, Saar-3 -, Shaldag FAC, Spica-2 -, Super Vita -, TNC-45 -, Tir, Type-024, Type-037-1G, Type-143, Vita -, Waspada, Waspada -, Watercat M-18 CFMAC, Willemoes -",,미사일 고속정
mobile surface-to-air missile system,"9K31, ADATS SAMS, ASRAD, Avenger AD, Gravehawk, M-48 SAMS, Osa SAMS, Raven SAMS, Roland-1 SAMS, Roland-2 SAMS, Stormer HVM, Strela-10 SAMS, Tempest SAM, Tor-M1, Yitian SAMS",mobile SAM system,이동식 지대공 미사일 체계
mortar,"120-MX2-SM 120mm, 120mm LIGHT, 2B11 120mm, 2B23 120mm, 2R2M 120mm, AM-50 120mm, Box Mortar 120mm, CARDOM 120mm, CLSI 120mm, Cobra 120mm, ECIA 120mm, HY-12, K-6 120mm, M-12 120mm, M-160 160mm, M-1943 160mm, M-2 107mm, M-240 240mm, M-30 107mm, M-38 120mm, M-41D 120mm, M-51 120mm, M-58 160mm, M-65 120mm, M-73 120mm, M-74 120mm, M-75 120mm, M-87 120mm, M-92 120mm, MO-120-65 120mm, MO-120-RT 120mm, MW-50 120mm, Model-1982 140mm, OFB E1 120mm, PM-43 120mm, SRAMS 120mm, Standard 120mm, Type-53 120mm, UBM-52 120mm, W-86 120mm",,박격포
mortar turret,"AMS 120mm, Crossbow-120, Mjölner, NEMO 120mm",,박격포 포탑
multi-function radar,"APAR, CENK-350-N, EMPAR, Kronos, Kronos Grand, M-2248, NS-50",multifunction radar,다기능 레이더
multi-role radar,MMR,multirole radar,다목적 레이더
multiple rocket launcher,"A-100 300mm, A-200 301mm TEL, APR-40 122mm, AR-3 MRL, ASTROS-2, ASTROS-2000, BM-11 122mm, BM-13 132mm, BM-14 140mm, BM-21 Grad 122mm, BM-22 Uragan, BM-24 240mm, BM-25 250mm, BMD-20 200mm SP, Canavr, FIROS 122mm, FIROS-51, Fajr-5, HIMARS, Hanwha-70 70mm, K-239 Chunmoo, KRL-122 122mm, LAR-160, LORA TEL, LRSVM Morava, Lynx MRL, M-1985 240mm, M-270 MLRS, M-51 130mm, M-63 128mm, Orkan 262mm, PHL-03 300mm, PULS, Pinaka 214mm, Polonez, RAK-12 128mm, RL-21 122mm, RM-70 122mm, RM-70 Vampire 122mm, RO-107 107mm, RPU-14 140mm, SR-5, SY-400 MRL, Shahine MRL, Smerch, T-107, T-122 122mm, T-122/300, T-300, TOS-1, Tamnava, Teruel 140mm, Type-63 107mm, Type-63 130mm, Type-81 122mm, Type-83B 122mm, Type-85 MRL-130, Type-90 122mm, WM-80 273mm, WS-1B 302mm, WS-22 122mm","MLRS, multiple launch rocket system, multiple rocket launch system",다연장로켓 발사기
naval gun,"102mm Mk-19, 102mm Mk-20, 127/64 Light 127mm, 40mm QF Mk-5, 40mm Twin Bofors, AK-100 100mm, AK-176 76mm, AK-230, AK-630 30mm, AK-725 57mm, AK-726 76mm, B-34 100mm, Compact 127mm/54, Compact 30mm, Compact 76mm, Compact-100, Compact-40, EE-30 30mm, GCM 30mm, GDM 35mm, Goalkeeper, Gokdeniz, Katran-M, M-1953 100mm, M-1968 100mm, M-68 CAD 100mm, MK-1 114mm, MK-34 76mm, Mk-26 76mm, Mk-30 127mm, Mk-32 127mm, Mk-33 76mm, Mk-39 127mm, Mk-42 127mm, Mk-42-9 127mm, Mk-45 127mm, Mk-45-4 127mm, Mk-6 76mm, Mk-8 4.5-inch, NG-18 30mm, Phalanx, SAK-60 57mm, SAK-70-1 57mm, SAK-70-2 57mm, Seaguard, Sovraponte 76mm, Super Rapid 76mm, Super Rapid Strales 76mm, TAK-120 120mm, TAK-120 L/50, TAK-152 Twin, TAK-76 76mm, Type-106 40mm, Type-64 40mm, Type-76A 37mm, Type-825 30mm, ZiF-31 57mm, ZiF-71 57mm",shipboard gun,함포
naval mine/torpedo,PMK-2,,기뢰 및 어뢰 복합무기
naval multiple rocket launcher,A-215 122mm,,함정용 다연장로켓 발사기
naval surface-to-air missile system,"Albatros SAMS, Albatros-NG SAMS, Barak-1 SAMS, Barak-MX Naval, CAMMM SAMS, Crotale EDIR SAMS, Crotale-NG Naval, FM-90N SAMS, MIDLAS, MK-10 Terrier, MK-41 SAMS, Mk-29 SAMS, Mk-48 GMVLS, Mk-56 SAMS, Mk-74 Tartar GMFCS, S-300FM Rif-M, Sea Ceptor SAMS, SeaRAM, Shtil, Umkhonto VLS, VL-MICA-M, ZIF-22","naval SAM system, shipborne surface-to-air missile system",함정용 함대공 미사일 체계
nuclear submarine,"Project-670A, Project-971I, SNBR -, SSN-AUKUS, Virginia",nuclear-powered submarine,원자력 추진 잠수함
one-way attack drone,"Banshee Jet-80 SSM, Berkut-BM, Brakestop, Phoenix Ghost Atlas, Phoenix Ghost Dagger, Phoenix Ghost Disruptor, Phoenix Ghost Dominator, Sammad-3, Shahed-131, Shahed-136, Warmate",one-way attack UAV,일방향 공격 무인기
patrol boat,"AB-25, ASI-315, Al Jouf, Al Jubatel, Alcotan-30, Alkai, Ardhana, Aresa-3200, Argos, Artillerist, Asheville PC, Attack, Austal-30m, Azteca, BK, Bangla, Barracuda SH, Bataan, Bay PC, Bigliani, Bremen-2, Broadsword PC, Brooke-32m, Brooke-37m, CG-29, CPIC, CPV-40, CSC-43, Camcraft-100, Cape, Cape AUS, Castor, Centinela, Chaho, Chon Buri -, Chui-E, Conejera, Cormoran, Cyclone, DKN-901, Daphne PC, De Toledo, Defiant-115, Dela, Diciotti, Dilos, ESPADA, Endeavour PC, Europatrol-250, FC-54 FAC, FCS-3307, FCS-4008, FIB-25, FPB-110, FPB-38, FPB-40, FPB-41, FPB-45, FPB-45 -, FPB-57 Patrol, FPB-72, FPB-98, FPV-300, Fairmile-D, Fearless-55 -, Ford, Fremantle, Garian, Gasper, Ghazee, Gohar, Grajau, Grebe, Guacolda, Guardian PC, Guardian PC AUS, Gwalarn, HSI-32, Haeuri, Haiqing, Haksaeng, Hawk PC, Huangpu, Interceptor, Isla, Island PC, Jagaren, Jetfoil, Jija Bai, KBV-171, KFK, Kagitingan, Kebir, Kraljevica, Kromanste, L&T FIC, Lake, MGBW-38m, MRTP-20, MRTP-24, MRTP-33, Maagen, Mangusta, Maranon, Mk-VI PC, Naidu, Nasty, Neustadt, Ning Hai, OPV-310, OPV-45 FRA, OPV-45 ISR, OPV-54, OPV-62 PC, OPV-64 ISR, Ocean Eagle-43, Orca, Osa PC, Osprey Mk-2, Osprey PC, Osprey-50, P-1022, P-108, P-400, P-48, P-58A, PB-46 -, PB-57, PB-57 -, PB-90, PC-1604, PC-1638, PC-461, PC-46m, PGM-39, PGM-71, PR-72 -, PV-50M, Padma, Patra, Pegasus-5, Piranha PC, Predator PC, Project-02065, Project-10412, Project-122, Project-12200, Project-1241P, Project-205P, Project-206P, Project-22180, Project-368, Protector PC, RPB-33, Rodman-101, Roraima, Ruissalo, S-401, SAR-33, SC-497, SDB-2, SDB-3, SDB-5, SF-2, SO-1, SP-2600, SP-3007, SP-4207, SP-4708, SP-5009, STX-250, SWATH-125, Saar-4 PC, Salamis, Sattahip, Sea Dolphin, Sea Eagle SH, Sewart-107, Shaldag, Shaldag-5, Shmel SH, Shujaa, Stan-2606, StanFlex-300 PC, Storm PC, Super Dvora, Swiftships-105, Swiftships-110, Swiftships-120, Swiftships-28m, Swiftships-35m, Swiftships-38m, TNC-36 PC, Tara Bai, Tenix-340, Thornycroft 26m, Tirad Pass, Tobruk, Ton PC, Totendorf, Town, Trinity-82, Type-037, Type-062, Type-062-1, Type-062-1G, Type-143 PC, Type-33m, Type-42, Type-62 PC, VC, Vigilante, Vigilante PC, Viima, Vincent, Vittoria-27, Vosper Type-A, Vosper-103, Y-301, YTBK -",,경비정
patrol boat/transport craft,Flex Fighter,,경비 및 수송 겸용정
patrol ship,"AMP-137, Admirable OPV, Aegir -, Aratsu, Arguin, Auk OPV, BVL -, BVT-90 -, Barracuda OPV, Beskytteren, Bouchard, CNV-1800, Cassiopea, Castle OPV, Comandante, Deirdre, Dos De, Elephant -, Emer, Fearless-75, Floreal -, Gowind OPV, Gowind OPV -, Guardian OPV -, HDP-2200, HHI-2400 -, Haijing-1001, Halcon, Hamilton, Holland OPV -, Hvidbjornen, IPV-60, Island OPV, Jasiri, Kashmir -, LMS-68, Lapu-Lapu, MEKO-A100 OPV -, MPVs-6HT, Mirny, Musytari -, OPV-1400 -, OPV-190, OPV-1900 -, OPV-60M, OPV-64 FRA, OPV-70 -, OPV-76 -, OPV-80, OPV-80 -, OPV-88, Odinn, Osprey-55 -, P-18N -, POVZEE -, PV-90 -, Pattani -, Peacock, Project-264P, Reliance, River Batch-1, SP-6211, Samarth -, Sea Dragon OPV -, Silma, Skandi Bergen, Sukanya, Sukanya -, Tenix-1600 -, UT-512, VT-90M -, Vikram, Vosper-3, Wele Nzas -",,경비함
patrol ship/frigate,"MEKO-A100 OPV MAL -, OPV-2600 -",,경비함 및 호위함
patrol ship/icebreaker,Polar Circle,,경비 쇄빙선
patrol ship/support ship,Barnegat,,경비 및 지원 겸용함
patrol ship/training ship,Gagah Samudera,,경비 및 훈련 겸용함
patrol ship/transport ship,MPV-70-2 -,,경비 및 수송 겸용함
patrol ship/tug,Marinheiro,,경비 및 예인 겸용선
portable surface-to-air missile,"Blowpipe, Chiron, FN-6, Grom-2, HN-5, HN-5A, Igla, Igla-1, Igla-S, Javelin SAM, Misagh-2, Mistral SAM, Piorun, Piorun-NG, QW-1 Vanguard, QW-11, QW-2, QW-3, RBS-70, RBS-70 Mk-3 Bolide, Redeye, Sakr Eye, Starburst, Stinger, Strela-2, Strela-3, Sungur, Verba","MANPADS, man-portable surface-to-air missile",휴대용 지대공 미사일
reconnaissance aircraft,"An-30, Canberra PR-9, Canberra RB-57, Canberra RB-57F, DA-42MPP, MiG-25RB, Mosquito PR-16, OV-1 Mohawk, RB-45C Tornado, RB-69A, RF-101 Voodoo, RF-4C Phantom-2, RF-4E Phantom-2, RF-84F Thunderflash, RF-84F Thunderflash -, RH-800RA, RT-33A, SA-2-37, U-2",,정찰기
reconnaissance drone,"APID-55, AR-5 UAV, AR-500, ASN-209, Aerostar, Anka-B, BZK-005E, Blue Horizon, CH-4A, CL-289, CL-89, Camcopter S-100, Camcopter S-300, Dominator-2, Eagle UAV, Falco, Gnat-750, Hermes-450, Hermes-900, Heron UAV, Heron-2, Hunter UAV, I-View-150, MQ-4C Triton, MQ-9 UAV, Mohajer-4, One 150, Pioneer UAV, R-4E Skyeye, RQ-1 Predator UAV, RQ-4 Global Hawk, RQ-7 Shadow-200, Ranger, Ryan-147, SIRTAP, Sammad-2, Scarab, Scout UAV, Searcher, Seeker, Shadow-400, Shadow-600, Skeldar, Sperwer, Tu-143, Yabhon Flash-20","reconnaissance UAV, reconnaissance unmanned aerial vehicle",정찰 무인기
reconnaissance satellite,Pelican,,정찰위성
reconnaissance/signals intelligence aircraft,Gulfstream-3 EW,reconnaissance and signals intelligence aircraft,정찰 및 신호정보 수집 항공기
reconnaissance/signals intelligence system,"ASIO, MARS2",,정찰 및 신호정보 수집 체계
replenishment ship,"AEGIR-18R -, Aditya SH, Almirante Montt, Amsterdam, Aotearoa -, Araucano, Berlin, Boraida -, Cantabria -, Ciudad Bolivar, Deepak, Deepak-2 -, Den Helder -, Durance, Endeavour AO -, Etna, Fort Rosalie, Fuqing, Kaiser, Ness, Poolster, Project-577D, STM-11000 -, Similan, Stromboli, Tide, Vulcano SH -",,군수지원함
replenishment tanker,"Appleleaf, Moawin -, Oktania, Oribe, Rover, Tide MARS -",replenishment oiler,유류보급함
salvage ship,"Bolster, Diver, Energy, Piast, Spasilac",,구난함
sea-search radar,"9GA-208, 9KR-400, Canopus, Cardion DCR, Falcon-2, Garpun, HF SWR-503, Mineral, SEADAR, SPS-67, SPS-732, Type-348",surface search radar,해상탐색 레이더
self-propelled air-defence system,"FK-2000 ADS, MPCV, Pantsyr-S1, Tunguska",self-propelled air-defense system,자주식 방공체계
self-propelled anti-aircraft gun,"AML-S-530, AMX-30SA, BOV-3, ERC-20, Gepard, Gepard -, Leopard-1 Skyranger, M-16 Half-track, M-163, M-19, M-3 VDA, M-42 Duster, M-53/59 Praga 30mm, PMMC-G5 Skyranger-30, Type-63 37mm SPAAG, VADAR, VADAR-GR, Vulcan-Commando, ZSU-23-4, ZSU-57","SPAAG, self-propelled antiaircraft gun",자주대공포
self-propelled gun,"2S1 122mm, 2S19 152mm, 2S3 152mm, 2S5 152mm, 2S7 203mm, 2S9 120mm, AMX-61 105mm, AMX-F3 155mm, AMX-GCT 155mm, AS-90B 155mm, ASU-85, ATMOS M-46 130mm -, ATMOS-2000 155mm, ATMOS-2000 155mm -, Abbot 105mm, Al Fao 210mm, Archer 155mm, Archer 155mm -, CAESAR 155mm, CAESAR 155mm -, CS/SH-1 122mm, DANA 152mm, DITA 155mm, G-6 155mm, Hawkeye 105mm, Hummel, ISU-122 122mm, ISU-152 152mm, K-9 Thunder 155mm, K-9 Thunder 155mm -, Koksan 170mm, Krab 155mm, Krab 155mm -, M-107 175mm, M-108 105mm, M-109 155mm, M-109A1 155mm, M-109A5 155mm, M-109A6 Paladin 155mm, M-109A7 155mm, M-110 203mm, M-110A2 203mm, M-44 155mm, M-52 105mm, M-55 203mm, M-56 Scorpion, M-7 105mm, MArG 155mm, Nora-B-52 155mm, PLC-181 155mm, PLZ-45 155mm, Palmaria 155mm -, PzH-2000 155mm, RCH-155, SH-1 155mm, SH-2 122mm, SH-3 122mm, SH-5 105mm, SP-122 122mm, SU-76 76mm, SU-85, Semser 122mm, Sexton, VTT-323 122mm, Zuzana 155mm -, Zuzana-2 155mm -","SPH, self-propelled artillery, self-propelled howitzer",자주포
self-propelled gun chassis,"K-9 chassis -, M-109 chassis",,자주포 차체
self-propelled gun turret,"2S1 122mm turret, AS-90M TUR, M-52T TUR, Palmaria-155 TUR",,자주포 포탑
self-propelled mortar,"2S23, 2S31 Vena, 2S4 240mm, AMX-VTT/PM, Alakran 120mm, CARDOM SP 120mm, CSSM-5 120mm, M-106, M-106A3, M-120K Rak 120mm -, M-66 160mm SP, PLL-05 120mm, Patria 6x6 NEMO 120mm -, SAM-120, SM-4 120mm, SandCat SPEAR, Vuran-AVM -",self propelled mortar,자주박격포
ship engine,"ship engine 1001-2500, ship engine 11001-15000, ship engine 15001-20000, ship engine 20001-25000, ship engine 25001-30000, ship engine 2501-4000, ship engine 4001-6000, ship engine 500-1000, ship engine 6001-8000, ship engine 8001-11000, ship engine AIP",,함정 엔진
ship nuclear reactor,S5W,,함정용 원자로
short-range air-to-air missile,"AIM-26B Falcon, AIM-4C Falcon, AIM-7C Sparrow, AIM-9B Sidewinder, AIM-9D, AIM-9E, AIM-9J Sidewinder, AIM-9L Sidewinder, AIM-9L/I Sidewinder, AIM-9M Sidewinder, Firestreak, K-13A, K-13M, K-13R, K-5, PL-2, PL-5B, PL-5E, PL-7, PL-9, Python-3, Python-4, R-23, R-530, R-550 Magic-1, R-550 Magic-2, R-60, R-73, Red Top, Shafrir-2, TY-90",short-range AAM,단거리 공대공 미사일
signals intelligence aircraft,"Astra-SPX SIGINT, Beech-1900 SIGINT, Citation-2 SIGINT, EC-47, EP-3C Orion, Falcon-20 SIGINT, G-550 SIGINT, RC-12, RC-135, RE-3, RU-21E, UP-3C Orion",SIGINT aircraft,신호정보 수집 항공기
signals intelligence helicopter,Mi-9,SIGINT helicopter,신호정보 수집 헬기
signals intelligence ship,"Artemis, Krylov, Lentra, Okean, Project-226E, Rizwan, Type-850 Zubov, Type-861, Type-864",SIGINT ship,신호정보 수집함
signals intelligence system,"AS-5 COMINT, ASTAC, Delfin SIGINT, Dragon Shield, EL/I-3120 CMM, FLR-9, FRD-10, I-3001, Pusher, Vigile-200",SIGINT system,신호정보 수집 체계
submarine,"A-26 -, Agosta, Agosta-90B, Agosta-90B AIP, Balao, Collins -, Dakar, Daphne, Dolphin Batch-1, Dolphin Batch-2, Drakon, GUPPY-1A, GUPPY-2, GUPPY-2A, GUPPY-3, Gal -, Gato, HDS-1500, M Type, M-XV, Marsuinul, Nacken, Oberon, Orka SUB -, Project-613, Project-629, Project-633, Project-636E, Project-641, Project-877E, Requinul, Romeo-033, S Type, S-26, Saracen SH, Scorpene -, Scorpene Evolved, Shchuka, Sjoormen, T Conversion, TR-1700, Tang, Tench, Tiburon, Type-035G, Type-205, Type-206A, Type-207, Type-209-1100, Type-209-1200, Type-209-1300, Type-209-1400, Type-209-1400 -, Type-209-1500, Type-209/1400MOD, Type-210, Type-212, Type-214, Type-218, Type-VIIC, Type-XXIII, Upholder, Vastergotland, Zwaardvis",,잠수함
submarine sonar,"BQS-4, CSU-3-41, CSU-83, DUUX-5, ISUS-90, KaleidoScope, S-CUBE, SUBTASS, Scylla, Type-2051, UMS-3000",,잠수함 소나
submarine-launched ballistic missile,"Polaris-A3, UGM-133",SLBM,잠수함발사 탄도미사일
support craft,"Deer Island, Stollergrund",,지원정
support ship,"ARB-1, Adams Challenge, Amphion, Arcadia, Atrek, Bandar Abbas, Baracuda, Cohoes, Damen-8316, Darss, Dixie, Dubna -, Duyong, Edenton, Juvent, Kharg -, LSS-69M, Lueneburg, MPSS-7000 -, Mahawele, Monob-1, Mourafek, Multatuli, Pelym, Penguin ASR, Pladju, Powell, Project-130, Project-1886, Project-264 Valdai, Project-300, Project-304, Project-310, Project-802 Tomba, RGS-9316, Rhein, Rmah, Seacon, Sri Indera -, Tangier, Thalang, Throsk, Vulcan, Westerwald, Zeltin",,지원함
support/landing ship,Frosch-2,,지원 및 상륙 겸용함
surface-to-air missile,"3M8M1, 3M9, 40N6, 48N6, 57-E6, 5V55K, 5V55R, 5V55U, 9M311 Treugolnik, 9M317, 9M33, 9M338, 9M37, 9M38, 9M82M, 9M83M, 9M96, 9M96M, ADATS LOS-FH, AMRAAM-ER, ASTER-15 SAAM, ASTER-30, Akash-1, Barak-1, Barak-ER, Barak-LRAD, Bloodhound-1, Bloodhound-2, CAMM, CAMM-ER, CAMM-MR, CIM-10B Bomarc-B, Cheongung MI, DK-10, ESSM Block-1, ESSM Block-2, FK-2000 MI, FL-3000N, FM-90, HQ-17, HQ-2, HQ-22 MI, HQ-9, Hisar-O, IRIS-T SLM, KS-1 SAM, LY-80, MIM-104 PAC-2, MIM-104A Patriot, MIM-14 Nike Hercules, MIM-23A Hawk, MIM-23B I-Hawk, MIM-3 Nike Ajax, MIM-72C Chapparal, R-440 Crotale, RIM-116A RAM, RIM-116C RAM Block-2B, RIM-24 Tartar, RIM-2E Terrier, RIM-2F Terrier, RSC, Rapier-1, Rapier-2, Roland SAM, S-200, SM-1ER, SM-1MR, SM-2 Block-3C, SM-2MR, Saqr SAM, Sea Dart, Sea Slug-2, Seacat, Seawolf, Shahine, Siper Block-1, Starstreak FIX, Strela-1, Tamir MI, Thunderbird-1, Umkhonto-IR, V-601, V-750, VT-1","SAM, surface to air missile",지대공 미사일
surface-to-air missile system,"2K11 Krug, Akash SAMS, Barak-MX Land, Bloodhound-1 SAMS, Bloodhound-2 SAMS, Buk-1M, Buk-M2, Buk-MB3K, Cheongung, Crotale SAMS, Crotale-NG SAMS, FB-6, FM-90 SAMS, FS-LIDS, Forceshield -, HAWK SAMS, HQ-17A SAMS, HQ-2 SAMS, HQ-22, HQ-64, HQ-9 SAMS, I-HAWK SAMS, IRIS-T SL, IRIS-T SL -, IRIS-T SLX, Iron Dome, Jernas, KS-1A SAMS, Kvadrat SAMS, Kvadrat-M SAMS, LY-80 SAMS, MSHORAD, Mygale, NASAMS -, NASAMS-2, NASAMS-2 -, NOMADS -, Nike SAMS, Patriot SAMS, Patriot-3 LTAMDS SAMS, Patriot-3 SAMS, RSC/RSD SAMS, Rapier SAMS, Rapier-2000 SAMS, S-125 Newa-SC, S-125 Pechora, S-125 Pechora-2M, S-125-2D Pechora, S-125-ML, S-125T Pechora-2T, S-200 Angara, S-300P, S-300PMU, S-300PMU-1, S-300PMU2, S-300PS, S-300VM, S-400 Triumf, S-75 Dvina, S-75M Volga, SAMP/T, SPYDER-MR, SPYDER-SR, Shahine SAMS, Shahine-2 SAMS, Sky Dragon-50, Spada, Spada-2000, Thunderbird-1 SAMS, Tigercat SAMS, Tigercat-2 SAMS, VL-MICA",SAM system,지대공 미사일 체계
surface-to-surface missile,"3M-14E Club, 9M714, 9M723 Iskander, 9M79 Tochka, ATACMS Block-1, ATACMS Block-1A, B-611, BGM-109 Tomahawk, BP-12A, Bora, CTM-290 KTSSM, CTM-500, DF-3, EXTRA, Fateh-110, Fath-360, GLSDB, Hwasong-11, Hwasong-6, Hwasong-7, Jericho-1, LORA, M-7, MGM-29 Sergeant, MGM-5 Corporal, Nightfall, Pershing-1, PrSM Inc-1, Predator Hawk, Qiam-1, R-11, R-17 Elbrus, SM-75 Thor",ground-to-ground missile,지대지 미사일
surface-to-surface missile launcher,"2P16 Luna, 8K11, 9P113, 9P117 Uragan, Corporal TEL, Hwasong-11 TEL, Hwasong-5 TEL, Iskander TEL, Khan, M-113 Spike-NLOS, M-474 Pershing-1, M-7 TEL, M-752 Lance TEL, MGR-1 Honest John, Nazeat-10 TEL, OTR-23 TEL, SandCat Spike-LR, SandCat Spike-NLOS, Sergeant TEL, Tochka TEL, Zelzal/Fateh-110 TEL",,지대지 미사일 발사기
surveillance satellite,"Astrosat-300, CSG-2, EgyptSat-2, Gokturk-1, Helios-2, ICEYE-SAR, Kondor-E, Napa-1, Ofeq, OptSat-500, ROCSAT-2, S-950",,감시위성
survey ship,"Buyskes, Conrad, Shuleykin, Thu Tay Thi, Uryvayez",,측량함
tank,"AMX-30B, AMX-30B2, Centurion-3, Centurion-9, Challenger, Challenger-2, Chieftain MOD, Chieftain Mk-3, Chieftain Mk-5, Comet, Cromwell, Firefly Sherman , IS-2, IS-3, K-1 -, K-1A1 -, K-2 Black Panther, KF-51, Khalid, Leclerc, Leclerc -, Leopard-1A1, Leopard-1A3, Leopard-1A5, Leopard-1V, Leopard-2, Leopard-2A4, Leopard-2A5, Leopard-2A6, Leopard-2A7, Leopard-2A8, M-1A1 Abrams, M-1A2 Abrams, M-1A2 SEPv-3 Abrams, M-1A2S Abrams, M-26 Pershing, M-4 Sherman, M-47 Patton, M-48 Patton, M-48A3 Patton, M-48A5 Patton, M-48H Brave Tiger, M-50 Super Sherman, M-51 ISherman, M-55S, M-60A1, M-60A3, M-60T Sabra-2 -, M-84, M-84A4 Sniper, MBT Mk-1, MBT-3 -, MMWT -, OF-40 Mk-1, OF-40-2, PT-91M, PzKpfw-4, Sabrah ASCOD -, T-34-85, T-54, T-55, T-55AM-2, T-62, T-64 AV, T-72, T-72B, T-72B3, T-72M1, T-72M1 -, T-80, T-80U, T-84 Oplot, T-90MS, T-90S, TAM, TI-67S, Tiran, Type-59, Type-59D, Type-59G, Type-69, Type-69-2G, Type-72Z -, Type-85-2M, Type-90-2M, Type-90-2M -, VT-2, VT-4, VT-5","MBT, main battle tank",전차
tank chassis,"K-1 chassis, Leopard-1 chassis, Leopard-2 CHAS, MBT-1 chassis",,전차 차체
tank destroyer,"AIFV-TOW, ASU-57, Archer, BRDM-1 ATK, BRDM-2 ATK, BTR-3RK -, Caracal, Charioteer, Ejder Yalcin ATV -, JPZ-4-5, Jagdpanzer-IV, Jaguar-1, Khrizantema AV, LAV-700 AT -, M-10, M-18 Hellcat, M-2018 Bulsae-4, M-36 Jackson, M-901, Piranha-2 AT -, PzJ-38(t) Hetzer, SU-100, Striker, StuG-3G, VAB-VCAC, VCC-1 TOW -, VCR-TH, WZ-91",,구축전차
tank destroyer turret,"ALT, ETS, TUA",,구축전차 포탑
tank turret,"Assaulter turret, CM-90, Centurion-105 TUR, Challenger-3 turret, Cockerill-3105, FL-12 105mm, LCTS-90 90mm, Leopard-1A5 TUR, Scorpion-76, TS-90",,전차 포탑
tanker,"Altay SH, Amalienborg, Annam, Baskunchak, Beaufort SH, Birk, Bodensee, Bunju, Chula, Delos, Fedko, Harle, Jinhou, Kaliningradneft, Mission Buenaventura, Olekma, PN-13, Papenoo, Patapsco, Pevek, Project-437, Sealift Pacific, Shakti, Sorong, Taxiarchos, Tonti, Type-1844, Ufa, Wan Shou, YO, Zotti","naval tanker, oil tanker ship",유조선
tanker/transport aircraft,"A-330 MRTT, A-330 MRTT -, Il-78, Il-78 -, KC-10, KC-130H Hercules, KC-130J Hercules, KC-135, KC-46A -, KC-707, KC-747, KC-767 -, KC-97",tanker transport aircraft,공중급유 및 수송 항공기
target tow aircraft,Firefly TT-1,target-towing aircraft,표적예인기
torpedo boat,"Brave, Dark, Elco 77ft PT boat, Ferocity, Fuh Chow, Gahjae, Higgins-78ft PT boat, Huchuan, Jaguar, Kajami, PA-3, Project-123, Project-183, Project-206 Shtorm, Project-206M Shtorm, S-Boot, Silbermoewe, Soloven, Spica-1 SWE, TNC-36 -, Tjeld, Vosper 72ft",,어뢰정
towed gun,"155-GH-52, 2A36 152mm, 2A65 152mm, A-19 122mm, AH-4 155mm, ATAGS 155mm, BS-3 100mm, Boran 105mm, D-1 152mm, D-20 152mm, D-30 122mm, D-74 122mm, FH-70 155mm, FH-77, FH-88 155mm, G-5 155mm, GC-45 155mm, KH-178 105mm, KH-179 155mm, L-118 105mm, LG-1 105mm, Light Gun 105mm, M-1 240mm, M-101-33 105mm, M-101/30, M-101A1 105mm, M-102 105mm, M-114 155mm, M-115 203mm, M-1950 105mm, M-198 155mm, M-30 122mm, M-40 105mm, M-46 130mm, M-46S 155mm, M-53 100mm, M-56 105mm, M-56-33 105mm, M-59 155mm, M-61 105mm, M-68 155mm, M-777 155mm, M-82 130mm, ML-20 152mm, Medium Gun 140mm, Model-50 155mm, Model-56 105mm, Model-839 155mm, Panter 155mm, S-23 180mm, SBT 155mm, SM-4-1B 130mm, T-12 100mm, TR-F-1 155mm, Trajan 155mm, Type-59-1 130mm, Type-83 122mm, Type-83 152mm, Type-86 100mm, WA-021 155mm","towed artillery, towed howitzer",견인포
trainer aircraft,"A-122, A-132 Tangara, AS-202 Bravo, AT-17 Bobcat, Aiglet Trainer, Airtourer, B-250T -, BT-13 Valiant, Balliol, Bestmann, Bu-131, Bulldog, CAP-10B, CJ-6, Citabria-150, DART, DHC-1, Fantrainer, G-115, G-120, G-120TP, G-46, HT-2, KT-1 -, Kaydet, LH-10, Lasta-95, M-26 Iskierka, MBB-223 Flamingo, MD-3-160, Oxford, P-148, PA-38 Tomahawk, PC-21 -, PL-1B, PT-19, Po-2, RV-6, S-11 Instructor, S-12 Instructor, Safir, Su-29, T-28A, T-34, T-35 Pillan, T-38, T-6 Texan, T-67, TA-4J, TS-8, Tiger Moth, Ugur, Universal, Vampire T-3, Vampire T-55, Yak-17UTI, Yak-18, Yak-18A, Yak-52, Z-142, Z-226, Z-26, Z-326",training aircraft,훈련기
trainer/combat aircraft,"Alpha Jet, Alpha Jet -, C-101 Aviojet -, CL-41G -, EMB-314 Super Tucano -, FTC-2000, FTC-2000G, G-4, G-4 -, Hawk-100, Hawk-50, Hawk-60, Hurjet -, Hurkus-C -, K-8, K-8 -, L-15 -, L-159B, L-39NG -, L-39Z Albatros, L-39Z Albatros -, L-59 -, M-346 Master -, MB-326B -, MB-326GB, MB-326GB -, MB-339A -, MB-339C, MB-339C -, S-211 -, Saab-105XT -, Strikemaster, T-28D, T-50 Golden Eagle, T-50 Golden Eagle -, Yak-130, Yak-130 -",,훈련 및 전투 항공기
training ship,"Al Doha -, Al Said, Daxin -, Smolny -, Sycamore sh, Wodnik",,훈련함
training tank,Leopard-2 Train,,훈련용 전차
transport aircraft,"A-310, A-319, A-321, A-330, A-340, A-400M -, ATR-42, ATR-72, ATR-72 -, Ambassador AC, An-12, An-124, An-140 -, An-148, An-24, An-26, An-32, An-72, An-74, Arava, B-707, B-727, B-737, B-737C, B-737NG, B-747, B-757-200, B-767, BAC-111, BAe-146, BT-67, Bristol-170, C-119, C-119K, C-123B, C-123K, C-130B Hercules, C-130E Hercules, C-130H Hercules, C-130J Hercules, C-160 Transall -, C-212, C-27J Spartan -, C-295, C-295 -, C-390 Millennium -, C-46, C-47, C-54 Skymaster, C-60A Lodestar, C-82, C-97, CL-215, CN-235, CN-235 -, CV-440, Caravelle, Comet-1, Cosmopolitan, DC-10-40, DC-4M, DC-6, DC-7, DC-8-55, DC-8-62, DHC-4, DHC-5, DHC-6, DHC-7, Dart Herald, Dash-8, Do-328, E-190, EMB-120, ERJ, ERJ -, Electra, F-27 Friendship, F-27 Friendship -, F-28 Fellowship, F-28 Fellowship -, Falcon-2000, Fokker-100, Fokker-50, Fokker-50 -, Fokker-70, G-222, G-222 -, Global Express, Global Express -, Gulfstream-1, HS-748, Hastings, IL-12, IL-14, Il-18, Il-76MF, Jetstream-41, Ju-52/3m, L-1011 Tristar, L-1049 Constellation, Li-2, MA-60 -, Marathon, Metro-2, Metro-3, N-262, Noratlas, Noratlas -, Saab-2000, Saab-340, Shorts-330, Shorts-360, Viscount, Y-7, Y-8, Y-9, YS-11 -, Yak-40, Yak-42",military transport aircraft,수송기
transport aircraft/helicopter,V-22 Osprey,,수송 항공기 및 헬기
transport craft,"Hansaya, Hendijan, Jupiter SH",,수송정
transport helicopter,"AS-532 Cougar, AS-532U2, AW-101, CH-46A, CH-47A, CH-47C Chinook, CH-47D Chinook, CH-47F, CH-53E, CH-53K King Stallion, Commando AC, Commando AC -, Ka-32, MH-47E Chinook, MH-47G Chinook, Mi-14PS, Mi-17, Mi-26, Mi-38, Mi-6, Mi-8T, NH-90 TTH, S-61 Sea King, S-61R, S-70A Black Hawk, S-70L Black Hawk, S-92, SA-321, SA-321H, SH-60 ASM, Sea King-1-41, Sea King-3, Sea King-5  -",,수송헬기
transport ship,"Al Salamah, Aquiles, Barroso Pereira, Dong Yang-6, EPF, FCS-5009, Finnmerchant, HSSV-72, Herjolfur, Incat, Kamina, Pardo, Pegasus-1, Tjaldur, WestPac Express, Zambia Challenge",,수송함
transport/trainer aircraft,Varsity,,수송 및 훈련 항공기
tug,"Navajo ATF, Poseidon, Project-414, Roslavl, Smit Lloyd, Sotoyomo, Tenace, Type-700, Veritas, Wangerooge",,예인선
turbofan,"AE-3007, AI-222 (3700), AI-25 (2000), AL-31 (13500), AL-41F-1S (14500), Adour (3000), Aubisque, BR-710 (7600), BR-725 (7700), CF-34 (4100), CF-6 (26000), CFM-56, D-30 (12000), DV-2 (2300), EJ-200 (9200), F-100 EN (12000), F-110 (13500), F-124 (2850), F-125 (3500), F-135-100 (19500), F-404 (8000), F-414 (10000), FJ-44-1 (800), FJ-44-4 (1650), JT-15D (1250), JT-8D, Larzac (1550), M-53 (7500), M-88 EN, PS-90, PW-2000, PW-4000 (26000), Pegasus, RD-33 (8900), Spey (5250), TFE-731 (1600), Trent-700 (31000), V-2500 (12500)",turbofan engine,터보팬 엔진
turbojet,"AL-21 (7800), AM-3 (8500), Atar-8 (4700), Atar-9 (7000), Avon, Derwent, Ghost, J-34 (1550), J-52, J-79 (5400), J-85 (1250), Nene (2300), Orenda (3300), Orpheus, Sapphire, Tay (4000), Viper (1200)",turbojet engine,터보제트 엔진
turboprop,"NK-12 (13500), TP-400 (11000)",turboprop engine,터보프롭 엔진
vehicle engine,"vehicle engine 100-200, vehicle engine 1101-1500, vehicle engine 201-300, vehicle engine 301-400, vehicle engine 401-600, vehicle engine 601-800, vehicle engine 801-1100",,차량 엔진
